Date,Open,High,Low,Close,Volume,Change
2018-08-10,34850,35250,34200,35000,148026,0.004304160688665792
2018-08-13,35350,35500,34050,34100,236888,-0.02571428571428569
2018-08-14,34450,35750,34200,35450,295745,0.03958944281524923
2018-08-16,35100,38050,34350,37950,511806,0.07052186177715081
2018-08-17,38200,38700,36950,37050,469718,-0.02371541501976282
2018-08-20,37000,38000,35650,36050,407208,-0.026990553306342813
2018-08-21,36100,38750,36100,38300,524447,0.06241331484049928
2018-08-22,38150,39500,37500,38900,383765,0.015665796344647598
2018-08-23,38650,39900,37200,38200,607153,-0.01799485861182515
2018-08-24,37650,40500,37550,40050,484832,0.048429319371727786
2018-08-27,40000,42000,39800,41800,482432,0.043695380774032566
2018-08-28,42000,42650,39300,39600,613854,-0.052631578947368474
2018-08-29,39800,41150,39550,40850,408318,0.031565656565656575
2018-08-30,40850,42000,40800,41950,277742,0.02692778457772338
2018-08-31,41400,43000,41050,42900,494924,0.022646007151370773
2018-09-03,42950,43200,41350,42600,331957,-0.006993006993006978
2018-09-04,42750,43950,42250,43250,364832,0.015258215962441257
2018-09-05,43050,43550,42600,43000,186187,-0.005780346820809301
2018-09-06,43000,43350,41900,42550,288294,-0.010465116279069764
2018-09-07,42850,43600,42700,42950,265841,0.009400705052879044
2018-09-10,42800,43400,41300,41550,333067,-0.03259604190919674
2018-09-11,41250,42750,41250,42000,159597,0.010830324909747224
2018-09-12,42500,44400,42200,42600,399124,0.014285714285714235
2018-09-13,42600,43300,41900,43300,202165,0.016431924882629012
2018-09-14,43200,43750,42500,43600,159852,0.006928406466512715
2018-09-17,43600,43650,42100,43250,192210,-0.008027522935779796
2018-09-18,42900,43150,42200,42700,117000,-0.012716763005780396
2018-09-19,43000,44100,42450,43400,130817,0.016393442622950838
2018-09-20,43150,43650,42500,43600,135566,0.004608294930875667
2018-09-21,43300,44450,43300,44000,158486,0.00917431192660545
2018-09-27,44200,44300,43450,44200,122456,0.00454545454545463
2018-09-28,44200,44350,43650,44200,113508,0.0
2018-10-01,44500,46700,44500,46700,443210,0.0565610859728507
2018-10-02,47000,47450,43950,44650,391051,-0.043897216274089934
2018-10-04,44750,44750,42550,44650,292510,0.0
2018-10-05,44650,45000,42700,43200,275456,-0.03247480403135494
2018-10-08,43000,43950,40250,41200,372531,-0.04629629629629628
2018-10-10,41350,42200,39600,42150,413449,0.02305825242718451
2018-10-11,41400,41900,39000,39650,424811,-0.059311981020166105
2018-10-12,39400,41450,39350,40800,256131,0.029003783102143688
2018-10-15,40500,41850,39900,40300,165332,-0.01225490196078427
2018-10-16,40350,42300,40350,42300,187836,0.04962779156327546
2018-10-17,42050,42500,38700,39450,1553667,-0.06737588652482274
2018-10-18,39650,40150,39150,40000,652646,0.013941698352344822
2018-10-19,39500,41700,39350,41200,400491,0.030000000000000027
2018-10-22,41000,42150,40550,41750,226492,0.013349514563106846
2018-10-23,41750,43750,40700,42700,490990,0.022754491017964007
2018-10-24,43900,44000,36450,37050,1200094,-0.13231850117096022
2018-10-25,36550,38850,35750,38000,500560,0.02564102564102555
2018-10-26,38900,38950,35250,36600,409608,-0.0368421052631579
2018-10-29,38050,38050,35450,35950,295405,-0.01775956284153002
2018-10-30,35500,38000,33800,38000,289948,0.057023643949930536
2018-10-31,38000,38050,36500,36850,192938,-0.03026315789473688
2018-11-01,37000,38400,36500,37300,254854,0.012211668928086894
2018-11-02,37550,39200,37450,38950,321153,0.04423592493297579
2018-11-05,38650,38650,37250,37550,273593,-0.03594351732991019
2018-11-06,37950,37950,36050,36850,215089,-0.018641810918774926
2018-11-07,36850,37000,34700,35500,361530,-0.03663500678426057
2018-11-08,36150,36150,34800,35700,270601,0.005633802816901401
2018-11-09,35700,36450,35100,36200,196642,0.014005602240896309
2018-11-12,36800,38750,36300,38250,424496,0.056629834254143585
2018-11-13,38300,40200,36000,39850,594671,0.0418300653594772
2018-11-14,39850,42350,39150,41300,495421,0.03638644918444167
2018-11-15,41450,43500,41450,42300,460834,0.02421307506053272
2018-11-16,42500,42700,41000,41550,315131,-0.01773049645390068
2018-11-19,41550,41550,40200,40500,289212,-0.02527075812274371
2018-11-20,39800,42350,39650,41050,388802,0.013580246913580174
2018-11-21,40850,41400,39000,40900,252059,-0.0036540803897685548
2018-11-22,41050,41050,39200,39650,281608,-0.030562347188264005
2018-11-23,39250,40050,39050,39150,148803,-0.01261034047919296
2018-11-26,39250,42300,39200,41950,489586,0.0715197956577267
2018-11-27,42550,43200,41600,42850,302698,0.021454112038140627
2018-11-28,42950,43800,42450,43200,145672,0.008168028004667427
2018-11-29,44000,44000,42100,43000,208332,-0.00462962962962965
2018-11-30,43500,43750,42450,43400,154717,0.009302325581395321
2018-12-03,44000,44000,42700,43650,170204,0.005760368663594528
2018-12-04,43500,45350,43050,45300,253628,0.037800687285223455
2018-12-05,44500,45600,44100,44500,234357,-0.017660044150110354
2018-12-06,45050,45050,41950,43200,531047,-0.02921348314606742
2018-12-07,43600,44150,42500,43950,192194,0.01736111111111116
2018-12-10,43400,44900,42900,44050,173074,0.0022753128555177415
2018-12-11,44400,45750,43900,45200,259254,0.026106696935300766
2018-12-12,45200,45700,44450,45550,143556,0.007743362831858391
2018-12-13,45700,45800,44950,45600,235136,0.001097694840834329
2018-12-14,45800,46700,44400,44750,309166,-0.018640350877192957
2018-12-17,45100,45100,42150,43500,350092,-0.027932960893854775
2018-12-18,42200,43750,42200,43200,175159,-0.006896551724137945
2018-12-19,43200,46800,42600,46400,417193,0.07407407407407418
2018-12-20,46000,46850,45400,46000,240631,-0.008620689655172376
2018-12-21,45800,46850,45500,46650,225096,0.01413043478260878
2018-12-24,46700,48700,46100,47250,400464,0.012861736334405238
2018-12-26,46450,49000,46450,48950,482555,0.035978835978836
2018-12-27,49150,49300,47550,48700,321447,-0.005107252298263587
2018-12-28,48550,48900,46650,47500,336363,-0.024640657084188944
2019-01-02,47050,47450,45650,45900,284860,-0.03368421052631576
2019-01-03,46200,46750,45450,45550,195936,-0.007625272331154731
2019-01-04,45650,48900,45450,48900,393319,0.07354555433589471
2019-01-07,49250,50800,47950,48400,407252,-0.010224948875255602
2019-01-08,48800,49100,47550,48400,170711,0.0
2019-01-09,48800,48800,46850,47300,294914,-0.022727272727272707
2019-01-10,47250,48300,46750,48200,226132,0.019027484143763207
2019-01-11,48400,48400,46000,46450,286793,-0.036307053941908696
2019-01-14,46600,47300,45800,46700,240978,0.005382131324004336
2019-01-15,46950,48700,46050,48350,399849,0.03533190578158463
2019-01-16,48550,48600,47400,47600,159574,-0.015511892450879028
2019-01-17,47350,47750,44050,44700,573187,-0.060924369747899165
2019-01-18,44550,45200,43500,44600,341114,-0.0022371364653244186
2019-01-21,44950,44950,42400,42800,543780,-0.04035874439461884
2019-01-22,42800,43600,41800,43600,262644,0.01869158878504673
2019-01-23,43300,43300,41450,42200,419638,-0.032110091743119296
2019-01-24,42600,43600,41950,43100,378242,0.021327014218009532
2019-01-25,42950,43450,42300,42500,263678,-0.0139211136890951
2019-01-28,42350,42550,41600,42250,222464,-0.00588235294117645
2019-01-29,42050,42600,40850,41400,279992,-0.020118343195266286
2019-01-30,41400,41850,40400,40800,395715,-0.01449275362318836
2019-01-31,41200,44100,40750,43500,658091,0.06617647058823528
2019-02-01,43750,43900,42900,43450,204921,-0.0011494252873562871
2019-02-07,43800,46700,43050,45800,489989,0.05408515535097824
2019-02-08,45700,47200,45500,46050,260974,0.005458515283842891
2019-02-11,47000,47450,45600,45600,168087,-0.009771986970684043
2019-02-12,45350,45900,44450,44900,177802,-0.015350877192982448
2019-02-13,45400,45450,44150,44600,197358,-0.006681514476614692
2019-02-14,44300,44800,43200,44450,218672,-0.0033632286995515237
2019-02-15,44600,45150,44150,44800,211677,0.007874015748031482
2019-02-18,45000,45050,43000,43300,329250,-0.033482142857142905
2019-02-19,43300,43300,42600,43050,254451,-0.005773672055427226
2019-02-20,43050,44400,42750,44250,338324,0.027874564459930307
2019-02-21,44350,47300,44350,46900,844770,0.059887005649717606
2019-02-22,47250,47700,45850,46500,315185,-0.008528784648187626
2019-02-25,46500,48100,46500,47500,290961,0.021505376344086002
2019-02-26,47400,47900,43350,45400,868919,-0.04421052631578948
2019-02-27,44800,45350,43800,44800,308453,-0.013215859030836996
2019-02-28,44650,44650,41600,42050,708168,-0.0613839285714286
2019-03-04,42650,42650,40650,41450,500198,-0.014268727705113005
2019-03-05,41050,42350,40550,40800,408210,-0.0156815440289505
2019-03-06,40650,41950,40550,41700,447739,0.022058823529411686
2019-03-07,41550,42200,40450,40750,263310,-0.0227817745803357
2019-03-08,40500,43350,40350,43250,500865,0.06134969325153383
2019-03-11,41950,42300,36500,37150,1916552,-0.1410404624277457
2019-03-12,37350,38700,35250,35900,1671684,-0.03364737550471064
2019-03-13,36050,38250,35750,37750,1342536,0.051532033426183954
2019-03-14,37650,37950,36350,37150,759639,-0.015894039735099286
2019-03-15,36250,36400,35150,35700,697145,-0.03903095558546432
2019-03-18,35150,36600,35150,36500,447328,0.022408963585434094
2019-03-19,36600,36700,35950,36150,250826,-0.009589041095890427
2019-03-20,36100,36300,35400,36000,271985,-0.004149377593360981
2019-03-21,33900,35800,33200,35400,1445174,-0.01666666666666672
2019-03-22,35000,35900,34750,35150,424265,-0.007062146892655385
2019-03-25,34800,37050,34700,35500,821259,0.009957325746799528
2019-03-26,36150,37300,35050,36600,540483,0.030985915492957705
2019-03-27,36650,37100,35750,36150,341750,-0.012295081967213073
2019-03-28,36200,36750,35850,36150,248866,0.0
2019-03-29,36300,37750,36050,37700,359187,0.042876901798063694
2019-04-01,38250,38300,36650,37050,398076,-0.017241379310344862
2019-04-02,37000,37550,36550,36650,292254,-0.010796221322537103
2019-04-03,37000,38000,36800,37850,331875,0.032742155525238736
2019-04-04,37850,38700,37350,38050,318817,0.005284015852047519
2019-04-05,38500,39000,37550,37750,471262,-0.007884362680683266
2019-04-08,38500,39450,38000,38700,589651,0.02516556291390737
2019-04-09,38950,38950,37500,38200,471355,-0.012919896640826822
2019-04-10,38150,38450,37500,37650,227211,-0.014397905759162333
2019-04-11,38050,38250,37600,38050,253027,0.010624169986719778
2019-04-12,37700,38150,37600,37700,205802,-0.009198423127463884
2019-04-15,38100,38100,36800,37300,341071,-0.010610079575596787
2019-04-16,37900,38600,37450,37600,357941,0.008042895442359255
2019-04-17,37900,38100,37300,37950,193402,0.009308510638297962
2019-04-18,38150,38200,37000,37100,196250,-0.022397891963109373
2019-04-19,37000,37500,36500,36550,186919,-0.014824797843665749
2019-04-22,36750,38000,36750,37200,323966,0.017783857729138264
2019-04-23,37450,37800,37300,37400,140719,0.005376344086021501
2019-04-24,37350,37350,36450,36800,228158,-0.016042780748663055
2019-04-25,36400,36650,35500,35700,289724,-0.029891304347826053
2019-04-26,35450,36150,35100,35100,225338,-0.01680672268907568
2019-04-29,35200,35600,34900,35150,129759,0.0014245014245013454
2019-04-30,35000,36200,35000,36000,257448,0.024182076813655806
2019-05-02,36000,36200,35450,36200,120895,0.005555555555555536
2019-05-03,36000,36100,35600,35800,110497,-0.011049723756906049
2019-05-07,35500,35900,35050,35100,178395,-0.019553072625698276
2019-05-08,34850,35650,34800,35200,167556,0.002849002849002913
2019-05-09,35000,35250,33650,33700,259903,-0.042613636363636354
2019-05-10,33700,34700,33200,33950,215454,0.007418397626112849
2019-05-13,33450,34450,33450,33550,129005,-0.01178203240058906
2019-05-14,32350,33650,31500,33400,507272,-0.0044709388971684305
2019-05-15,33600,34900,32700,34750,216207,0.04041916167664672
2019-05-16,35050,35400,34400,35200,226058,0.012949640287769792
2019-05-17,35300,35550,34650,34800,135015,-0.011363636363636354
2019-05-20,34850,36200,34850,35850,246794,0.030172413793103425
2019-05-21,36200,36200,34150,34600,224159,-0.034867503486750384
2019-05-22,34600,34850,34200,34400,55659,-0.005780346820809301
2019-05-23,34500,34650,33450,33750,113189,-0.018895348837209336
2019-05-24,33250,34100,32800,32800,136329,-0.028148148148148144
2019-05-27,31850,32000,28300,28700,1298806,-0.125
2019-05-28,29150,29850,28800,29100,592395,0.013937282229965264
2019-05-29,28800,29500,28600,29300,268654,0.0068728522336769515
2019-05-30,29350,30950,29250,30300,374103,0.03412969283276457
2019-05-31,30500,30800,29800,30600,184477,0.00990099009900991
2019-06-03,30500,31900,30450,31900,261867,0.042483660130719025
2019-06-04,31950,32150,31000,31800,175391,-0.0031347962382445305
2019-06-05,32200,32200,31150,31900,156184,0.003144654088050425
2019-06-07,31700,32450,31700,32250,177601,0.01097178683385569
2019-06-10,32250,32750,32000,32700,127293,0.013953488372093092
2019-06-11,32600,33850,32400,33300,171477,0.0183486238532109
2019-06-12,33100,33800,31750,31950,404476,-0.04054054054054057
2019-06-13,31650,32450,30650,31250,580675,-0.021909233176838794
2019-06-14,30250,30500,29100,29500,917786,-0.05600000000000005
2019-06-17,30400,30800,28700,28950,730640,-0.01864406779661021
2019-06-18,29050,29050,28050,28300,466637,-0.022452504317789335
2019-06-19,28300,29100,28300,29000,295630,0.02473498233215543
2019-06-20,29150,29450,28550,29400,216916,0.01379310344827589
2019-06-21,29200,29400,28900,29200,180031,-0.006802721088435382
2019-06-24,29050,29250,27950,28250,376486,-0.03253424657534243
2019-06-25,28000,28950,27950,28750,301930,0.017699115044247815
2019-06-26,28650,29000,28350,28400,162770,-0.012173913043478257
2019-06-27,28400,29500,28400,29150,348781,0.02640845070422526
2019-06-28,29300,29550,28650,28950,237268,-0.006861063464837058
2019-07-01,29100,29400,28400,28500,233660,-0.015544041450777257
2019-07-02,28250,29800,28200,29000,384554,0.01754385964912286
2019-07-03,29300,29300,28350,28550,264976,-0.01551724137931032
2019-07-04,28550,29150,28500,28850,131863,0.01050788091068311
2019-07-05,29000,29200,28600,29050,126249,0.006932409012131657
2019-07-08,28800,29300,27600,27950,260711,-0.03786574870912218
2019-07-09,27850,28700,27700,27700,184764,-0.008944543828264706
2019-07-10,27750,29150,27750,28600,287805,0.032490974729241895
2019-07-11,28600,29850,28600,29850,290271,0.04370629370629375
2019-07-12,29500,29800,28350,28500,397232,-0.045226130653266305
2019-07-15,28800,28800,28000,28150,188563,-0.012280701754386003
2019-07-16,28150,28400,27900,28250,147086,0.003552397868561208
2019-07-17,28100,28150,27450,27550,166749,-0.024778761061946875
2019-07-18,26950,27450,25750,27000,462908,-0.019963702359346636
2019-07-19,27000,28300,27000,27800,216773,0.029629629629629672
2019-07-22,28000,28000,27200,27750,82836,-0.0017985611510791255
2019-07-23,27750,28200,27300,27350,137128,-0.014414414414414378
2019-07-24,27350,27700,27150,27150,125235,-0.007312614259597838
2019-07-25,26900,27100,26350,26550,136106,-0.02209944751381221
2019-07-26,26000,26500,25150,25250,326307,-0.048964218455743835
2019-07-29,25000,25500,24300,24350,283671,-0.035643564356435675
2019-07-30,24300,25500,24300,25250,212539,0.03696098562628336
2019-07-31,24800,25350,24350,25000,148721,-0.00990099009900991
2019-08-01,24600,25600,24450,24800,134212,-0.008000000000000007
2019-08-02,24150,25350,24150,24800,99501,0.0
2019-08-05,24500,24700,22300,22300,289040,-0.10080645161290325
2019-08-06,21150,24000,21150,22500,427754,0.008968609865470878
2019-08-07,22500,23750,22500,23450,175381,0.04222222222222216
2019-08-08,23500,26000,23350,26000,232391,0.10874200426439229
2019-08-09,25000,25050,23050,23150,483862,-0.10961538461538467
2019-08-12,22900,23400,22500,23050,127546,-0.004319654427645814
2019-08-13,22100,22600,21200,22150,375401,-0.0390455531453362
2019-08-14,22400,22600,21250,21400,302913,-0.033860045146726914
2019-08-16,20950,21250,20400,21000,241257,-0.01869158878504673
2019-08-19,20900,21650,20600,21400,217041,0.01904761904761898
2019-08-20,21150,21550,21100,21350,141306,-0.002336448598130869
2019-08-21,21350,22500,21200,22450,230229,0.051522248243559776
2019-08-22,22450,22450,21400,21600,301137,-0.03786191536748329
2019-08-23,21400,21650,21000,21250,143441,-0.01620370370370372
2019-08-26,20600,20850,19300,19450,527359,-0.08470588235294119
2019-08-27,19600,20300,19550,20000,223649,0.028277634961439535
2019-08-28,19950,20900,19900,20800,171287,0.040000000000000036
2019-08-29,20800,21150,20600,20750,134345,-0.0024038461538461453
2019-08-30,21150,21650,21000,21200,147455,0.02168674698795181
2019-09-02,20850,22200,20850,21900,194960,0.03301886792452824
2019-09-03,21800,22450,21700,21750,140789,-0.006849315068493178
2019-09-04,21950,22350,21550,22200,113154,0.020689655172413834
2019-09-05,22450,22550,21900,22300,106122,0.0045045045045044585
2019-09-06,22400,22650,21850,21850,70760,-0.020179372197309364
2019-09-09,22100,22350,21850,22150,108343,0.013729977116704761
2019-09-10,22150,22750,22100,22600,175239,0.020316027088036037
2019-09-11,22550,23500,22400,23500,230595,0.03982300884955747
2019-09-16,23050,23250,22500,23000,155178,-0.021276595744680882
2019-09-17,23050,23200,22450,22750,119104,-0.010869565217391353
2019-09-18,22800,23350,22600,22750,117321,0.0
2019-09-19,22800,23100,22400,22550,107572,-0.00879120879120876
2019-09-20,22600,27550,22250,24200,2022021,0.07317073170731714
2019-09-23,24400,24950,24150,24500,433756,0.012396694214876103
2019-09-24,24500,24700,23700,23750,249813,-0.030612244897959218
2019-09-25,23500,23700,22550,22700,226677,-0.04421052631578948
2019-09-26,22850,24300,22850,23700,327291,0.044052863436123246
2019-09-27,24000,24450,23750,23900,195906,0.00843881856540074
2019-09-30,24100,24200,22850,23050,236607,-0.03556485355648531
2019-10-01,23200,24200,22800,24200,215461,0.049891540130151846
2019-10-02,23600,23850,23200,23200,235928,-0.04132231404958675
2019-10-04,23250,23250,22450,22850,181631,-0.015086206896551713
2019-10-07,23000,23700,22850,23400,194442,0.024070021881838155
2019-10-08,23400,23900,22900,23800,148848,0.017094017094017033
2019-10-10,23550,23700,23000,23550,150525,-0.010504201680672232
2019-10-11,23800,25200,23650,23950,474910,0.01698513800424628
2019-10-14,24350,25850,24150,25650,558471,0.07098121085595
2019-10-15,25600,26700,25350,26000,425303,0.013645224171539905
2019-10-16,26150,26500,25750,25800,169610,-0.007692307692307665
2019-10-17,26150,26300,24800,25250,221089,-0.02131782945736438
2019-10-18,25200,25200,24350,24750,218737,-0.01980198019801982
2019-10-21,24850,25450,24400,24900,243871,0.0060606060606061
2019-10-22,25100,26550,24850,26400,513743,0.06024096385542177
2019-10-23,26700,26800,25850,26350,326506,-0.0018939393939394478
2019-10-24,26450,26750,25800,26400,203440,0.00189753320683117
2019-10-25,26450,26550,25550,25850,188961,-0.02083333333333337
2019-10-28,26200,26700,25900,26000,302018,0.005802707930367523
2019-10-29,26000,26100,25500,25700,216804,-0.011538461538461497
2019-10-30,25900,26900,25700,26750,491262,0.040856031128404746
2019-10-31,27000,27000,26400,26750,290557,0.0
2019-11-01,26900,27500,26650,26900,361597,0.005607476635514086
2019-11-04,26900,27300,26800,27050,166356,0.005576208178438735
2019-11-05,27150,27150,26500,26900,154367,-0.00554528650646946
2019-11-06,26900,27050,26300,26500,193562,-0.014869888475836479
2019-11-07,26200,26900,26150,26650,132801,0.005660377358490676
2019-11-08,26700,26800,24700,25400,499115,-0.046904315196998114
2019-11-11,24900,26100,24850,26050,199545,0.025590551181102317
2019-11-12,25900,26200,25400,26150,142238,0.0038387715930903177
2019-11-13,25900,26400,25500,25550,125815,-0.02294455066921608
2019-11-14,25600,25700,24850,25400,156877,-0.005870841487279899
2019-11-15,25400,25550,25000,25400,99995,0.0
2019-11-18,25550,25850,25200,25450,97726,0.0019685039370078705
2019-11-19,25400,25600,24750,24850,144043,-0.023575638506876273
2019-11-20,25050,25100,23950,24300,161294,-0.02213279678068414
2019-11-21,24150,24500,23350,23800,158884,-0.020576131687242816
2019-11-22,23800,24450,23800,24050,101893,0.010504201680672232
2019-11-25,24400,25100,24200,24950,150776,0.03742203742203731
2019-11-26,25350,25350,24600,25150,101890,0.008016032064128265
2019-11-27,25300,25300,24650,24950,72173,-0.007952286282306154
2019-11-28,24950,25100,24550,24600,67522,-0.014028056112224463
2019-11-29,24600,27000,24300,24850,705130,0.010162601626016343
2019-12-02,24850,25500,24750,24800,116471,-0.002012072434607659
2019-12-03,24650,24750,23750,24300,165865,-0.020161290322580627
2019-12-04,24250,24800,24100,24400,89504,0.004115226337448652
2019-12-05,24200,24800,24200,24400,80400,0.0
2019-12-06,24600,25750,24050,25500,200115,0.04508196721311486
2019-12-09,25700,26250,24800,25100,196271,-0.015686274509803977
2019-12-10,25100,26000,25000,25550,156763,0.017928286852589626
2019-12-11,25500,26000,25350,25350,88349,-0.007827788649706457
2019-12-12,25350,25900,25250,25450,144774,0.0039447731755424265
2019-12-13,25700,26400,25700,26250,168192,0.03143418467583503
2019-12-16,26300,26300,25400,25900,127645,-0.013333333333333308
2019-12-17,26100,26400,25800,26200,82943,0.01158301158301156
2019-12-18,26150,26450,25850,26200,99819,0.0
2019-12-19,26200,26550,25800,26150,93434,-0.001908396946564861
2019-12-20,26400,26400,25950,26100,55552,-0.0019120458891013214
2019-12-23,26300,26350,25850,26150,75549,0.0019157088122605526
2019-12-24,26100,26400,25900,26000,87561,-0.005736137667303964
2019-12-26,26000,26500,26000,26500,122516,0.019230769230769162
2019-12-27,26350,26800,26050,26750,108407,0.009433962264151052
2019-12-30,26200,27700,26200,27350,357012,0.02242990654205612
2020-01-02,27250,27700,26500,27500,224040,0.005484460694698434
2020-01-03,27600,28800,26600,28400,563162,0.032727272727272716
2020-01-06,28400,30500,28000,30000,1141917,0.05633802816901401
2020-01-07,30500,31200,29500,30750,634303,0.02499999999999991
2020-01-08,30750,30950,29400,30550,457119,-0.006504065040650375
2020-01-09,31200,32250,30800,32050,500618,0.04909983633387882
2020-01-10,32050,32050,31050,31750,219049,-0.009360374414976613
2020-01-13,32350,34850,32200,34700,1145821,0.09291338582677167
2020-01-14,35100,36750,34450,35000,568891,0.008645533141210304
2020-01-15,35100,35950,34500,35800,288280,0.02285714285714291
2020-01-16,35750,35750,34600,35150,323680,-0.018156424581005637
2020-01-17,35100,35300,34350,34950,241874,-0.005689900426742556
2020-01-20,34950,35600,34300,34450,266582,-0.014306151645207432
2020-01-21,34350,34550,33100,33300,359966,-0.03338171262699563
2020-01-22,33200,34500,33100,33950,231387,0.019519519519519468
2020-01-23,33000,33950,32900,33300,235061,-0.019145802650957333
2020-01-28,30500,32300,28000,31300,752471,-0.06006006006006004
2020-01-29,31300,33150,31300,32750,300269,0.0463258785942493
2020-01-30,32750,33250,31900,32550,237379,-0.006106870229007688
2020-01-31,33000,33350,31600,31600,242343,-0.029185867895545337
2020-02-03,30400,34250,30400,33950,454352,0.07436708860759489
2020-02-04,33650,35050,33250,34200,261373,0.007363770250368162
2020-02-05,34250,34700,33400,33500,175969,-0.020467836257309968
2020-02-06,33950,34350,33000,33650,193934,0.004477611940298498
2020-02-07,33800,34550,33250,33900,143567,0.007429420505200568
2020-02-10,33300,33300,32650,32650,164585,-0.03687315634218291
2020-02-11,32650,33200,31850,32000,248802,-0.019908116385911168
2020-02-12,32200,32900,32050,32700,160443,0.02187500000000009
2020-02-13,32850,33500,32400,33200,242917,0.015290519877675823
2020-02-14,33200,33250,32450,32650,114880,-0.016566265060240948
2020-02-17,32650,34950,32000,34600,424372,0.0597243491577335
2020-02-18,34700,35350,33950,34050,259913,-0.01589595375722541
2020-02-19,34100,34650,33150,33900,151941,-0.004405286343612369
2020-02-20,33750,33750,32700,32900,195634,-0.029498525073746285
2020-02-21,32500,32650,31050,31050,298120,-0.05623100303951367
2020-02-24,30100,31400,29400,30050,402842,-0.032206119162640934
2020-02-25,30050,31100,29800,30600,222417,0.01830282861896837
2020-02-26,30200,32450,29900,31750,277212,0.03758169934640532
2020-02-27,32000,33750,31500,32000,448357,0.007874015748031482
2020-02-28,31600,32050,30000,30300,295035,-0.05312499999999998
2020-03-02,30550,31300,29300,30900,307466,0.01980198019801982
2020-03-03,31450,31900,29650,29950,393072,-0.03074433656957931
2020-03-04,29800,30300,29050,29700,416340,-0.008347245409014992
2020-03-05,30000,30050,29000,29100,305440,-0.02020202020202022
2020-03-06,28100,28850,25950,26450,1036503,-0.09106529209621994
2020-03-09,25600,25750,24700,25100,542646,-0.051039697542533125
2020-03-10,24600,25750,24400,25300,334610,0.007968127490039834
2020-03-11,25350,26550,24900,25150,571946,-0.005928853754940677
2020-03-12,25050,25050,22700,23250,528861,-0.07554671968190851
2020-03-13,21100,24000,20500,22700,482022,-0.023655913978494647
2020-03-16,23000,23750,21750,22200,278885,-0.022026431718061623
2020-03-17,20700,22850,20700,22400,254009,0.009009009009008917
2020-03-18,22450,23200,21000,21000,310288,-0.0625
2020-03-19,21650,22300,18950,19550,442647,-0.06904761904761902
2020-03-20,19650,21450,19350,21350,278436,0.09207161125319696
2020-03-23,19900,20100,19000,19450,263535,-0.08899297423887587
2020-03-24,19900,21800,19450,21400,276303,0.10025706940874035
2020-03-25,22100,24650,21900,24650,443802,0.1518691588785046
2020-03-26,25350,26900,24300,24650,491865,0.0
2020-03-27,25850,25900,23550,24400,324990,-0.010141987829614618
2020-03-30,23300,24000,22650,23800,231466,-0.024590163934426257
2020-03-31,24050,24300,23250,24050,300035,0.010504201680672232
2020-04-01,23900,24650,23100,23100,259274,-0.03950103950103945
2020-04-02,23300,24100,22850,24100,143869,0.04329004329004338
2020-04-03,24100,24150,23250,23650,163565,-0.018672199170124526
2020-04-06,23900,25000,23500,25000,249158,0.05708245243128962
2020-04-07,25650,26000,24700,25300,210131,0.01200000000000001
2020-04-08,25050,26900,24800,26250,387566,0.03754940711462451
2020-04-09,27000,27050,26100,26550,207071,0.011428571428571344
2020-04-10,26550,28900,26100,28900,708254,0.08851224105461397
2020-04-13,28900,29800,28000,28000,477031,-0.03114186851211076
2020-04-14,28600,29100,27900,28900,245061,0.03214285714285725
2020-04-16,29550,30800,29300,30550,582642,0.05709342560553643
2020-04-17,31300,31400,29800,30850,430579,0.009819967266775809
2020-04-20,30950,30950,29600,29600,423534,-0.04051863857374394
2020-04-21,29150,29150,27950,28700,491120,-0.030405405405405372
2020-04-22,28000,29250,27800,29250,239240,0.019163763066202044
2020-04-23,29300,29450,28800,29150,138419,-0.0034188034188034067
2020-04-24,28900,28900,27750,28050,206180,-0.037735849056603765
2020-04-27,28350,29100,28000,28850,194223,0.028520499108734443
2020-04-28,28850,30500,28450,29550,386562,0.024263431542461023
2020-04-29,29600,30000,29000,29650,201966,0.0033840947546530664
2020-05-04,28750,30300,28700,29850,290853,0.006745362563237878
2020-05-06,30750,30900,30000,30600,248094,0.025125628140703515
2020-05-07,30600,30950,30150,30950,190531,0.011437908496731986
2020-05-08,31500,31550,30400,30600,300049,-0.011308562197092087
2020-05-11,30100,30650,29800,30050,214296,-0.017973856209150374
2020-05-12,29900,30000,29100,29400,197160,-0.021630615640598982
2020-05-13,28800,30700,28450,30650,230315,0.04251700680272119
2020-05-14,30150,31500,30050,30500,372099,-0.004893964110929905
2020-05-15,31350,31350,29400,29500,293884,-0.032786885245901676
2020-05-18,29600,30650,29300,30450,205493,0.03220338983050852
2020-05-19,31350,33200,30850,33200,1140274,0.090311986863711
2020-05-20,32800,33600,31950,33500,490496,0.009036144578313143
2020-05-21,33600,33600,32650,32900,254561,-0.017910447761193993
2020-05-22,32800,32800,31200,31500,322670,-0.04255319148936165
2020-05-25,31300,31750,30700,31400,240654,-0.0031746031746031633
2020-05-26,31500,32150,31000,32100,239713,0.022292993630573354
2020-05-27,32400,32950,31900,32150,277635,0.0015576323987538387
2020-05-28,32300,32450,30200,30300,393929,-0.05754276827371696
2020-05-29,30500,30750,29500,29600,277530,-0.02310231023102305
2020-06-01,30650,31850,30100,30450,686615,0.028716216216216228
2020-06-02,30150,30600,29900,30250,288120,-0.006568144499178974
2020-06-03,30500,30950,30150,30450,270425,0.006611570247933907
2020-06-04,30500,30600,29850,30050,344012,-0.013136288998357948
2020-06-05,30000,30250,29600,29900,291327,-0.004991680532445919
2020-06-08,30250,31900,30100,31850,613440,0.0652173913043479
2020-06-09,31900,32000,31250,31850,364557,0.0
2020-06-10,31850,32450,31500,31950,310168,0.0031397174254317317
2020-06-11,32250,32750,31800,32000,393610,0.0015649452269170805
2020-06-12,30100,30850,29650,30400,411432,-0.050000000000000044
2020-06-15,30150,30600,28550,28550,414211,-0.06085526315789469
2020-06-16,29400,30400,29100,29750,261867,0.042031523642731994
2020-06-17,29550,30200,29050,29700,200588,-0.001680672268907557
2020-06-18,29500,29850,29250,29600,144399,-0.0033670033670033517
2020-06-19,29750,30000,29150,29800,156447,0.006756756756756799
2020-06-22,30000,30850,29850,30450,253957,0.02181208053691286
2020-06-23,30600,31400,30000,31200,341798,0.024630541871921263
2020-06-24,31500,31550,30950,31500,254978,0.009615384615384581
2020-06-25,31200,32800,30800,32500,676127,0.031746031746031855
2020-06-26,33100,34400,31950,33850,842622,0.041538461538461524
2020-06-29,35250,41000,35000,37000,4349566,0.09305760709010347
2020-06-30,37450,42750,35550,37250,5841435,0.006756756756756799
2020-07-01,37900,38550,35550,35600,1038657,-0.0442953020134228
2020-07-02,35600,40750,35450,39450,3682110,0.1081460674157304
2020-07-03,39100,40500,38150,38750,1391222,-0.017743979721166037
2020-07-06,39350,39850,38350,39200,584828,0.011612903225806548
2020-07-07,38850,39000,37800,38600,544592,-0.015306122448979553
2020-07-08,38800,40600,38700,40400,1408159,0.04663212435233155
2020-07-09,40750,41750,39400,39600,719118,-0.01980198019801982
2020-07-10,39650,39800,36700,38350,775502,-0.031565656565656575
2020-07-13,38700,39250,37500,38250,408220,-0.0026075619295958807
2020-07-14,37800,39000,37550,38750,383678,0.013071895424836555
2020-07-15,39000,39250,37250,37450,406235,-0.03354838709677421
2020-07-16,37650,38250,37200,38000,271934,0.014686248331108098
2020-07-17,38350,39850,37550,39650,536336,0.04342105263157903
2020-07-20,39850,40600,39100,40000,451172,0.008827238335435084
2020-07-21,40700,40700,38950,39000,385836,-0.025000000000000022
2020-07-22,39000,39100,38050,38350,261924,-0.01666666666666672
2020-07-23,38150,39650,37650,38850,347345,0.01303780964797907
2020-07-24,38500,39150,37650,38300,254186,-0.014157014157014203
2020-07-27,37950,39100,37600,38700,204312,0.010443864229765065
2020-07-28,38750,39400,38450,38950,279046,0.006459948320413522
2020-07-29,39150,40500,38550,40400,568401,0.037227214377406836
2020-07-30,40550,40550,39300,39450,417804,-0.023514851485148536
2020-07-31,39600,41200,39250,40700,473782,0.03168567807351086
2020-08-03,41500,43200,41150,42650,1057129,0.04791154791154795
2020-08-04,42800,43800,42000,42950,451082,0.00703399765533419
2020-08-05,43000,45000,42500,45000,602603,0.047729918509895164
2020-08-06,45000,46000,44200,45050,447910,0.0011111111111110628
2020-08-07,44950,45350,43750,43950,426223,-0.02441731409544945
2020-08-10,44900,46100,43400,45600,863517,0.03754266211604085
2020-08-11,46150,46400,44850,45700,421615,0.002192982456140413
2020-08-12,45750,45800,43600,44250,455990,-0.03172866520787743
2020-08-13,46150,50800,45700,48250,2380126,0.09039548022598876
2020-08-14,48450,49450,47500,48500,712309,0.005181347150259086
2020-08-18,49000,49300,46050,46750,720514,-0.03608247422680411
2020-08-19,46750,49900,46200,49300,857261,0.05454545454545445
2020-08-20,48800,48800,46000,46500,642998,-0.05679513184584184
2020-08-21,46700,47500,44700,46700,425496,0.004301075268817289
2020-08-24,46100,47150,45100,46800,258061,0.0021413276231263545
2020-08-25,47200,49350,47000,48700,397671,0.040598290598290676
2020-08-26,48750,50800,48100,50400,586564,0.03490759753593431
2020-08-27,49950,51400,49450,50900,528784,0.009920634920634885
2020-08-28,50900,52500,47600,49000,1298643,-0.037328094302554016
2020-08-31,48950,49000,46000,46650,748647,-0.04795918367346941
2020-09-01,47550,49400,46800,48450,657023,0.03858520900321549
2020-09-02,49000,50600,48700,50200,461506,0.03611971104231171
2020-09-03,51400,52300,49750,52200,574772,0.03984063745019917
2020-09-04,49650,53000,49650,52300,732555,0.0019157088122605526
2020-09-07,53000,54900,51900,54700,583146,0.04588910133843216
2020-09-08,54700,58500,54200,57600,896783,0.05301645338208405
2020-09-09,57700,60500,56200,57700,821117,0.0017361111111111605
2020-09-10,58700,59000,56700,57700,470213,0.0
2020-09-11,57400,60500,56900,58700,456164,0.017331022530329365
2020-09-14,59300,59300,57500,58000,329573,-0.011925042589437829
2020-09-15,57800,58400,57000,58000,270909,0.0
2020-09-16,58000,58800,57300,58300,290431,0.005172413793103514
2020-09-17,58300,58300,55800,56300,427639,-0.03430531732418529
2020-09-18,56900,58000,55600,58000,288517,0.030195381882770933
2020-09-21,57800,58200,55500,55600,319022,-0.04137931034482756
2020-09-22,55100,56600,54500,55200,452024,-0.007194244604316502
2020-09-23,56400,56400,52500,55900,430881,0.0126811594202898
2020-09-24,54500,55600,51800,51900,767893,-0.07155635062611809
2020-09-25,52600,52900,49400,50900,619816,-0.019267822736030782
2020-09-28,52300,57500,51800,57000,1067907,0.11984282907662092
2020-09-29,57700,58000,54900,58000,758762,0.01754385964912286
2020-10-05,57100,57400,51800,52500,1428801,-0.09482758620689657
2020-10-06,52000,53200,50200,51500,633818,-0.01904761904761909
2020-10-07,51600,52700,51200,51600,323584,0.001941747572815622
2020-10-08,51800,52200,49150,49800,892497,-0.03488372093023251
2020-10-12,50200,50300,47350,47600,915863,-0.04417670682730923
2020-10-13,48400,49300,47050,48100,779552,0.010504201680672232
2020-10-14,48200,48600,47550,48150,408840,0.0010395010395010118
2020-10-15,48700,48850,43050,44900,1775135,-0.06749740394600212
2020-10-16,44750,45150,43350,43850,550398,-0.023385300668151476
2020-10-19,43400,44700,42350,42650,557448,-0.027366020524515422
2020-10-20,42000,43350,41750,42950,426811,0.00703399765533419
2020-10-21,42750,43600,42350,42600,328871,-0.008149010477299212
2020-10-22,42150,42850,41600,41700,282868,-0.021126760563380254
2020-10-23,41750,42250,40850,41950,359499,0.005995203836930418
2020-10-26,41750,41850,38400,38700,888978,-0.07747318235995238
2020-10-27,38700,40450,38150,40400,504972,0.043927648578811374
2020-10-28,39750,41150,39150,41150,292532,0.01856435643564347
2020-10-29,39800,40700,39400,40450,314114,-0.017010935601458055
2020-10-30,40450,40450,38700,38700,238904,-0.04326328800988877
2020-11-02,38700,40300,38300,39850,229042,0.029715762273901714
2020-11-03,40000,41450,40000,41000,391823,0.028858218318695172
2020-11-04,41500,41550,40100,41150,273475,0.003658536585365857
2020-11-05,41650,44000,41400,43850,812347,0.0656136087484811
2020-11-06,43950,44000,42350,42500,461402,-0.030786773090079822
2020-11-09,43100,43650,42650,42950,242108,0.010588235294117565
2020-11-10,44850,45100,43550,43900,488734,0.022118742724097862
2020-11-11,43900,44050,42650,42800,291766,-0.02505694760820043
2020-11-12,43500,44700,43200,43650,528877,0.01985981308411211
2020-11-13,43800,44650,43050,44350,371817,0.016036655211912887
2020-11-16,44750,45800,44350,45300,400215,0.021420518602029315
2020-11-17,45450,45450,43600,43850,353289,-0.03200883002207511
2020-11-18,43650,45250,42850,44900,444759,0.02394526795895091
2020-11-19,44750,44750,43500,43850,256171,-0.023385300668151476
2020-11-20,43850,44850,43850,44600,220896,0.01710376282782211
2020-11-23,44700,46150,44150,45450,469669,0.01905829596412567
2020-11-24,45450,47400,45400,47150,528260,0.037403740374037486
2020-11-25,47550,47650,45400,45950,544693,-0.02545068928950156
2020-11-26,45950,45950,44750,45150,259240,-0.017410228509249226
2020-11-27,45200,45500,44350,45050,213222,-0.0022148394241418012
2020-11-30,44800,45050,43700,43800,348643,-0.027746947835738056
2020-12-01,43650,44300,43000,44050,260984,0.005707762557077611
2020-12-02,44000,44400,43500,43750,240272,-0.006810442678774176
2020-12-03,44500,49250,44400,49050,1863096,0.12114285714285722
2020-12-04,48700,48950,46300,46600,730782,-0.049949031600407756
2020-12-07,46250,46350,44800,45550,493228,-0.022532188841201672
2020-12-08,45200,47850,45200,45900,570731,0.007683863885839637
2020-12-09,46100,47100,46000,46650,239462,0.016339869281045694
2020-12-10,46100,47000,45600,45800,368339,-0.018220793140407254
2020-12-11,46150,48000,45700,47300,514089,0.03275109170305668
2020-12-14,46750,47600,46150,46800,299750,-0.010570824524312905
2020-12-15,46800,47750,46450,46750,230277,-0.0010683760683760646
2020-12-16,46750,47200,46500,46900,192364,0.0032085561497325887
2020-12-17,46800,46950,44500,44900,625374,-0.04264392324093813
2020-12-18,44950,45300,44550,45200,186839,0.006681514476614803
2020-12-21,45100,45100,43700,43800,373395,-0.030973451327433676
2020-12-22,43100,43650,42350,42400,342290,-0.03196347031963476
2020-12-23,42200,43150,41850,42800,208236,0.009433962264151052
2020-12-24,42800,43550,42400,43050,188529,0.005841121495327117
2020-12-28,43050,43800,42100,43450,340799,0.009291521486643362
2020-12-29,43150,44500,42950,44450,282467,0.023014959723820505
2020-12-30,44400,45600,44050,44700,296311,0.0056242969628796935
2021-01-04,44800,44900,43650,44050,265525,-0.014541387024608499
2021-01-05,43700,44050,42950,43300,349793,-0.017026106696935273
2021-01-06,43300,43950,42900,43000,261742,-0.006928406466512715
2021-01-07,42950,43450,42800,43000,248214,0.0
2021-01-08,43150,45750,42700,45100,666170,0.04883720930232549
2021-01-11,45650,45650,43300,44000,466646,-0.024390243902439046
2021-01-12,43500,45450,43100,45250,446824,0.02840909090909083
2021-01-13,45450,47700,44850,47000,963272,0.03867403314917128
2021-01-14,47300,47800,46250,47000,414896,0.0
2021-01-15,46700,47400,45400,45500,380569,-0.03191489361702127
2021-01-18,44750,46500,44250,45300,318273,-0.00439560439560438
2021-01-19,45300,47650,45300,47050,447331,0.03863134657836653
2021-01-20,48500,51800,47400,51000,1906227,0.08395324123273107
2021-01-21,51000,51700,49200,51200,825449,0.0039215686274509665
2021-01-22,50800,54100,50000,52900,1019183,0.033203125
2021-01-25,52900,53600,50400,51800,720032,-0.020793950850661602
2021-01-26,51700,52300,50100,52000,583583,0.0038610038610038533
2021-01-27,53200,53300,50400,50400,464687,-0.03076923076923077
2021-01-28,50400,51000,46750,47050,1190615,-0.06646825396825395
2021-01-29,47500,47750,44100,45350,639854,-0.03613177470775775
2021-02-01,44900,46500,44300,45750,350055,0.008820286659316334
2021-02-02,46250,48750,46100,47500,587384,0.03825136612021862
2021-02-03,47700,49450,47650,49100,588877,0.03368421052631576
2021-02-04,48500,49600,47450,49050,431031,-0.0010183299389001643
2021-02-05,49050,49350,47800,49150,293275,0.0020387359836901986
2021-02-08,49550,49550,48600,48900,210135,-0.0050864699898270915
2021-02-09,49000,49050,46550,46650,533879,-0.04601226993865026
2021-02-10,46700,47650,46550,47150,241391,0.010718113612004254
2021-02-15,47300,47850,46850,47150,187764,0.0
2021-02-16,47100,48900,46600,48550,412774,0.02969247083775195
2021-02-17,49000,49250,48100,48600,252729,0.001029866117404632
2021-02-18,48450,48450,46800,46900,312823,-0.034979423868312765
2021-02-19,46900,47350,45350,46000,284527,-0.019189765458422214
2021-02-22,45800,46800,44150,44800,409783,-0.02608695652173909
2021-02-23,44400,46550,43900,46150,328700,0.030133928571428603
2021-02-24,46150,47050,44300,44700,370891,-0.031419284940411685
2021-02-25,45600,46350,44200,46050,361085,0.030201342281879207
2021-02-26,44700,46200,44550,45700,287166,-0.007600434310532034
2021-03-02,46600,46950,45100,45900,318182,0.004376367614879584
2021-03-03,45750,47400,45600,47100,244681,0.02614379084967311
2021-03-04,46600,49750,46300,49150,947827,0.043524416135881205
2021-03-05,48900,50500,48400,50300,634551,0.02339776195320442
2021-03-08,51400,51400,48500,49850,521353,-0.008946322067594381
2021-03-09,49600,50400,47600,48500,372047,-0.027081243731193583
2021-03-10,49000,49050,47100,47100,243453,-0.028865979381443307
2021-03-11,47450,48400,46900,48400,270090,0.027600849256900206
2021-03-12,48600,48800,47650,48350,292067,-0.0010330578512396382
2021-03-15,48500,49400,47750,49250,271725,0.018614270941054833
2021-03-16,49550,49800,48900,49300,203484,0.0010152284263960087
2021-03-17,49550,50600,49350,49750,368438,0.009127789046653234
2021-03-18,49850,50100,48000,48150,345708,-0.032160804020100464
2021-03-19,47500,48150,47300,48000,186223,-0.0031152647975077885
2021-03-22,48150,48600,47700,47950,166417,-0.0010416666666667185
2021-03-23,48350,48750,47500,47550,209463,-0.008342022940563076
2021-03-24,47100,47600,46350,46550,340911,-0.02103049421661407
2021-03-25,46000,46350,45000,46250,334258,-0.0064446831364124435
2021-03-26,46050,46750,44800,45250,448765,-0.021621621621621623
2021-03-29,44650,45250,44050,45100,335232,-0.0033149171270717703
2021-03-30,45050,45550,44900,45050,168605,-0.0011086474501108556
2021-03-31,45200,45500,44450,44500,245319,-0.01220865704772478
2021-04-01,44600,45300,44600,45250,135729,0.016853932584269593
2021-04-02,45050,45650,44900,45300,153195,0.0011049723756906271
2021-04-05,45850,46500,45200,46000,272946,0.015452538631346657
2021-04-06,46050,46250,45500,46150,152077,0.003260869565217428
2021-04-07,46600,47650,46000,46200,388178,0.0010834236186347823
2021-04-08,46200,46350,45500,46200,167092,0.0
2021-04-09,46000,46350,45300,45350,255926,-0.018398268398268414
2021-04-12,45300,45600,44600,45100,192923,-0.005512679162072764
2021-04-13,44950,45600,44900,45250,146391,0.003325942350332678
2021-04-14,45200,45400,44900,44900,185538,-0.007734806629834279
2021-04-15,44900,45250,44550,44600,251105,-0.006681514476614692
2021-04-16,44900,45200,44700,45100,158281,0.011210762331838486
2021-04-19,44950,45200,44650,44950,130606,-0.003325942350332567
2021-04-20,44850,45300,44700,45200,122269,0.005561735261401468
2021-04-21,44900,45050,44500,44500,168340,-0.015486725663716783
2021-04-22,44700,44800,44350,44550,108269,0.0011235955056179137
2021-04-23,44350,44450,43750,43850,198488,-0.015712682379349086
2021-04-26,44050,44500,43350,44500,232393,0.014823261117445918
2021-04-27,44100,44200,43600,43850,196557,-0.014606741573033655
2021-04-28,43800,43800,42900,42950,168465,-0.02052451539338651
2021-04-29,42800,43250,42150,42400,143744,-0.012805587892898762
2021-04-30,42050,42350,41550,41550,195925,-0.02004716981132071
2021-05-03,41250,42400,40900,41000,142708,-0.013237063778580027
2021-05-04,40600,41000,39750,40950,188673,-0.0012195121951219523
2021-05-06,40200,40800,39750,40600,168168,-0.008547008547008517
2021-05-07,40600,42200,40550,41900,216227,0.03201970443349755
2021-05-10,42350,42350,41850,41900,157243,0.0
2021-05-11,41750,41800,41150,41500,135232,-0.009546539379474916
2021-05-12,41500,45000,41350,44500,866475,0.07228915662650603
2021-05-13,43100,45050,43000,44900,489329,0.008988764044943753
2021-05-14,45400,45400,44050,45100,227271,0.00445434298440972
2021-05-17,45100,46400,44750,46100,561788,0.022172949002217335
2021-05-18,46050,47800,46050,47250,742313,0.024945770065075923
2021-05-20,46800,48800,46600,48350,727699,0.023280423280423346
2021-05-21,48300,49650,47800,47950,721541,-0.008273009307135482
2021-05-24,48000,49450,47600,49050,506747,0.02294056308654846
2021-05-25,49100,50800,48600,50000,538883,0.019367991845056
2021-05-26,50100,50600,49100,50000,319239,0.0
2021-05-27,50400,50500,48600,50500,350836,0.010000000000000009
2021-05-28,50100,50300,48750,49400,369453,-0.0217821782178218
2021-05-31,49200,52500,48700,50900,674788,0.030364372469635637
2021-06-01,51100,51200,49900,50900,227605,0.0
2021-06-02,51100,51100,50100,51000,166412,0.0019646365422396617
2021-06-03,50600,51400,50300,50400,221624,-0.0117647058823529
2021-06-04,50400,50800,49600,49900,215430,-0.009920634920634885
2021-06-07,50500,51400,49400,50000,218007,0.002004008016031955
2021-06-08,49350,49750,47750,47950,351401,-0.041000000000000036
2021-06-09,47950,49500,47700,48350,177552,0.008342022940563076
2021-06-10,48650,48650,47800,47900,190766,-0.009307135470527417
2021-06-11,47950,49750,47850,49750,194177,0.03862212943632559
2021-06-14,50400,51500,49750,50700,405422,0.019095477386934734
2021-06-15,50700,53700,50200,52400,865036,0.0335305719921104
2021-06-16,52200,53900,51600,52700,338268,0.005725190839694694
2021-06-17,52700,54000,51900,53700,348393,0.018975332068311257
2021-06-18,54000,55400,53200,54800,424689,0.020484171322160183
2021-06-21,54000,54600,51800,52800,342244,-0.03649635036496346
2021-06-22,53100,53900,51700,52200,284523,-0.011363636363636354
2021-06-23,52400,55900,52100,55300,665611,0.059386973180076685
2021-06-24,55500,55600,54100,54200,224999,-0.019891500904159143
2021-06-25,54400,54400,51000,51100,560420,-0.05719557195571956
2021-06-28,50900,51700,50000,50400,259753,-0.013698630136986356
2021-06-29,50600,51600,49750,50400,295389,0.0
2021-06-30,50600,51800,50100,51200,193495,0.015873015873015817
2021-07-01,51100,52500,50600,51900,195619,0.013671875
2021-07-02,52600,52600,50400,51400,177267,-0.009633911368015391
2021-07-05,51600,52900,51400,52600,175991,0.023346303501945442
2021-07-06,53200,53500,52300,52700,160084,0.0019011406844107182
2021-07-07,52700,52700,50800,51200,180483,-0.028462998102466774
2021-07-08,51200,51600,49750,50500,286953,-0.013671875
2021-07-09,49650,50300,48100,49400,415133,-0.0217821782178218
2021-07-12,49450,50300,48600,50000,164912,0.012145748987854255
2021-07-13,50500,54400,50300,53600,605243,0.07200000000000006
2021-07-14,53300,56200,52700,55400,569273,0.033582089552238736
2021-07-15,55800,57300,54900,55700,404488,0.005415162454873723
2021-07-16,56000,57600,55600,56900,265741,0.021543985637342944
2021-07-19,56500,57200,55800,56600,210854,-0.005272407732864637
2021-07-20,55700,56900,53600,54300,396663,-0.04063604240282681
2021-07-21,55600,58600,55400,56200,582735,0.03499079189686927
2021-07-22,56700,56800,55600,55800,258602,-0.007117437722419906
2021-07-23,56000,56600,55000,56200,182528,0.007168458781362075
2021-07-26,56800,58000,56000,56500,249669,0.005338078291814874
2021-07-27,56300,56500,53700,54400,313286,-0.03716814159292037
2021-07-28,54100,54900,52900,53800,178080,-0.011029411764705843
2021-07-29,53700,55100,53300,54100,120169,0.005576208178438735
2021-07-30,54200,54300,52500,52700,164704,-0.025878003696857665
2021-08-02,52700,54400,52400,53700,171802,0.018975332068311257
2021-08-03,54500,54700,52700,52800,169614,-0.016759776536312887
2021-08-04,53000,56200,52700,55000,383110,0.04166666666666674
2021-08-05,55000,55200,53800,54400,132981,-0.010909090909090868
2021-08-06,54700,57700,53500,57200,477531,0.05147058823529416
2021-08-09,57300,58800,56700,57700,396759,0.00874125874125875
2021-08-10,58000,58100,55300,55500,270362,-0.03812824956672445
2021-08-11,55800,56900,54500,55200,224755,-0.00540540540540535
2021-08-12,55700,62400,54500,61600,2444711,0.11594202898550732
2021-08-13,61900,62100,59900,61300,700038,-0.004870129870129913
2021-08-17,60800,62200,58000,59300,571695,-0.03262642740619903
2021-08-18,59700,60100,57000,59600,485399,0.005059021922428242
2021-08-19,58600,60200,58000,58700,333940,-0.015100671140939603
2021-08-20,59400,59500,54100,55400,612081,-0.05621805792163548
2021-08-23,56900,58600,55800,58200,376786,0.05054151624548742
2021-08-24,59200,60300,57400,60000,440385,0.030927835051546282
2021-08-25,60800,61000,59100,60200,251663,0.0033333333333334103
2021-08-26,61300,63300,60200,62100,639248,0.03156146179401986
2021-08-27,61400,62100,58700,60800,407481,-0.020933977455716568
2021-08-30,60800,61200,58400,60000,328547,-0.013157894736842146
2021-08-31,59100,62200,58900,60600,343948,0.010000000000000009
2021-09-01,60600,61600,59700,60600,166318,0.0
2021-09-02,60900,61200,58800,59000,220479,-0.02640264026402639
2021-09-03,59000,60300,56200,57500,528883,-0.025423728813559365
2021-09-06,56900,58400,56100,58300,233822,0.013913043478260834
2021-09-07,58400,59400,57100,58500,240580,0.0034305317324185847
2021-09-08,58600,58600,55700,56000,359946,-0.042735042735042694
2021-09-09,55700,56900,55200,56200,320909,0.0035714285714285587
2021-09-10,55800,56800,51700,55300,751410,-0.016014234875444844
2021-09-13,55700,55700,52600,53000,467398,-0.04159132007233268
2021-09-14,53100,54400,53000,53800,336701,0.015094339622641506
2021-09-15,54000,54500,53100,53400,183243,-0.0074349442379182396
2021-09-16,55500,56900,54000,54500,507960,0.020599250936329527
2021-09-17,54100,54800,53100,54500,245192,0.0
2021-09-23,54400,54400,52800,52800,277758,-0.031192660550458662
2021-09-24,53400,53600,52400,52900,178032,0.0018939393939394478
2021-09-27,52900,54400,52200,53200,256341,0.005671077504725952
2021-09-28,54300,57300,53600,56300,825335,0.05827067669172936
2021-09-29,55500,58800,55200,58000,858459,0.030195381882770933
2021-09-30,58000,62000,57700,61800,820108,0.06551724137931036
2021-10-01,61800,64000,61300,61600,701094,-0.003236245954692518
2021-10-05,61600,67000,61100,64800,1225193,0.051948051948051965
2021-10-06,65300,66100,63300,64700,584890,-0.0015432098765432167
2021-10-07,65500,69000,64500,65700,1164215,0.015455950540958163
2021-10-08,64800,65000,62100,63300,748330,-0.0365296803652968
2021-10-12,62900,64700,59300,59700,725388,-0.056872037914691975
2021-10-13,60300,60800,59200,59800,316905,0.0016750418760469454
2021-10-14,60000,63700,59200,62600,688482,0.04682274247491636
2021-10-15,63200,64300,62200,63000,342626,0.006389776357827559
2021-10-18,64600,64900,62300,63000,432368,0.0
2021-10-19,63500,65200,61700,64300,474996,0.02063492063492056
2021-10-20,64800,68400,64500,67400,887670,0.04821150855365475
2021-10-21,67500,68900,66000,67200,510039,-0.0029673590504450953
2021-10-22,66500,67800,64500,65400,505967,-0.0267857142857143
2021-10-25,65600,68000,65000,66500,436817,0.01681957186544336
2021-10-26,67000,71500,66400,70900,892100,0.06616541353383454
2021-10-27,70500,73500,70400,71500,668909,0.008462623413258097
2021-10-28,71800,73100,67500,68300,731979,-0.04475524475524473
2021-10-29,69200,70700,67900,70300,374364,0.029282576866764165
2021-11-01,71000,72400,69000,70700,380006,0.005689900426742556
2021-11-02,71700,73700,70000,73000,444663,0.032531824611032434
2021-11-03,72900,73000,70500,70600,352407,-0.0328767123287671
2021-11-04,72000,72000,69400,69800,318532,-0.011331444759206777
2021-11-05,69800,72100,68600,70300,333177,0.007163323782235054
2021-11-08,71400,71900,69500,71400,301364,0.01564722617354186
2021-11-09,72000,73900,69900,73100,497572,0.023809523809523725
2021-11-10,72700,72700,69300,70700,360823,-0.03283173734610123
2021-11-11,69400,73500,69400,72400,456510,0.0240452616690241
2021-11-12,75700,75800,70100,71500,783689,-0.012430939226519389
2021-11-15,71300,72000,70200,70900,461151,-0.008391608391608352
2021-11-16,71100,71400,66900,68500,965592,-0.03385049365303239
2021-11-17,68800,70800,67500,69100,754250,0.008759124087591275
2021-11-18,69300,70000,66800,67000,484421,-0.03039073806078152
2021-11-19,67500,67500,65500,65900,313837,-0.016417910447761197
2021-11-22,66100,66500,62600,64100,435822,-0.0273141122913505
2021-11-23,62600,64700,61900,62500,340641,-0.0249609984399376
2021-11-24,63300,64700,61000,62700,382728,0.0032000000000000917
2021-11-25,62400,63200,60100,60800,471663,-0.030303030303030276
2021-11-26,61000,61400,57400,57900,504148,-0.047697368421052655
2021-11-29,57000,58500,55300,56500,398176,-0.024179620034542326
2021-11-30,57300,58900,54700,55700,354134,-0.01415929203539823
2021-12-01,56400,56700,53400,55100,523932,-0.010771992818671472
2021-12-02,54100,54700,52000,52900,605308,-0.03992740471869327
2021-12-03,53900,56800,53400,55700,738688,0.05293005671077511
2021-12-06,54800,55300,53800,54400,312539,-0.02333931777378817
2021-12-07,55700,57900,54500,56300,567217,0.03492647058823528
2021-12-08,57100,57900,55100,55400,456692,-0.01598579040852577
2021-12-09,55700,57600,55500,56300,519209,0.016245487364620947
2021-12-10,55600,56400,54400,54800,465722,-0.026642984014209614
2021-12-13,55400,55700,54100,54100,283665,-0.012773722627737238
2021-12-14,53600,54600,53300,53700,178318,-0.007393715341959317
2021-12-15,53600,54200,52700,53200,198194,-0.009310986964618295
2021-12-16,53700,56200,53700,54200,332607,0.018796992481203034
2021-12-17,53300,53500,52600,53100,255453,-0.020295202952029467
2021-12-20,52400,53200,51500,51600,291436,-0.02824858757062143
2021-12-21,51800,52700,50900,52200,217627,0.011627906976744207
2021-12-22,53100,54200,52900,53600,250744,0.026819923371647514
2021-12-23,54500,55500,52900,53500,331709,-0.001865671641791078
2021-12-24,53800,54200,53200,53400,147199,-0.0018691588785046953
2021-12-27,53500,54700,52800,54500,237240,0.020599250936329527
2021-12-28,55000,57100,54500,57100,494558,0.047706422018348515
2021-12-29,57000,57100,55300,55800,322417,-0.02276707530647981
2021-12-30,55800,56100,54800,55700,176556,-0.0017921146953404632
2022-01-03,56200,56800,55700,56300,169816,0.010771992818671361
2022-01-04,56800,56800,54200,54800,317909,-0.026642984014209614
2022-01-05,55000,55100,53000,53600,327415,-0.021897810218978075
2022-01-06,52600,53600,51000,51600,412762,-0.03731343283582089
2022-01-07,52000,52800,51400,51800,213315,0.003875968992248069
2022-01-10,51100,51500,49700,51000,317661,-0.015444015444015413
2022-01-11,51000,51500,49600,50200,244155,-0.015686274509803977
2022-01-12,50900,51500,50500,51100,163633,0.017928286852589626
2022-01-13,51200,52300,50500,50500,239866,-0.011741682974559686
2022-01-14,49800,50100,48800,49200,285796,-0.025742574257425765
2022-01-17,49200,50200,49150,49250,169454,0.00101626016260159
2022-01-18,49200,50600,49050,49050,163878,-0.004060913705583702
2022-01-19,48500,48900,46300,46900,507554,-0.04383282364933738
2022-01-20,46650,51200,46650,51000,471352,0.08742004264392333
2022-01-21,50100,51900,49900,51500,329272,0.009803921568627416
2022-01-24,50700,51300,49800,50000,198878,-0.029126213592232997
2022-01-25,50000,51300,48950,49150,273615,-0.017000000000000015
2022-01-26,49150,49500,47150,47700,267135,-0.029501525940996975
2022-01-27,47650,47900,45300,45300,285286,-0.05031446540880502
2022-01-28,45350,49500,45300,49000,326734,0.08167770419426046
2022-02-03,50200,52300,49500,50600,359572,0.03265306122448974
2022-02-04,50600,54300,50000,54100,382905,0.06916996047430835
2022-02-07,53300,57100,52700,55100,712797,0.01848428835489835
2022-02-08,55200,58700,55200,56600,986716,0.02722323049001818
2022-02-09,57500,57600,55900,56300,277299,-0.005300353356890497
2022-02-10,56500,57400,54200,54700,359179,-0.028419182948490218
2022-02-11,53800,56400,53600,55000,380022,0.005484460694698434
2022-02-14,54100,56500,54000,55000,298259,0.0
2022-02-15,55500,55900,54000,54300,203671,-0.012727272727272698
2022-02-16,55500,57400,55100,57300,343065,0.05524861878453047
2022-02-17,57600,58300,55600,57000,459838,-0.005235602094240788
2022-02-18,56200,57800,56100,57400,238573,0.007017543859649145
2022-02-21,56700,61400,55800,61400,795341,0.06968641114982588
2022-02-22,60500,62700,60200,61800,682440,0.006514657980456029
2022-02-23,61700,63100,60300,61900,410803,0.0016181229773462036
2022-02-24,62900,64500,59400,60900,854482,-0.016155088852988664
2022-02-25,62600,64800,61500,64800,654014,0.0640394088669951
2022-02-28,64100,66000,64000,65700,389970,0.01388888888888884
2022-03-02,65900,66800,64200,66200,289639,0.007610350076103556
2022-03-03,66400,67000,63900,64700,423638,-0.0226586102719033
2022-03-04,64400,65700,63800,65500,284156,0.012364760432766575
2022-03-07,64400,66400,64100,65600,317158,0.0015267175572519776
2022-03-08,65000,65500,62600,63800,339405,-0.027439024390243927
2022-03-10,65000,67400,63900,67000,493783,0.050156739811912265
2022-03-11,66800,68900,66600,68300,352573,0.0194029850746269
2022-03-14,68100,69000,66600,67200,284092,-0.016105417276720324
2022-03-15,67200,68700,65700,67400,217481,0.0029761904761904656
2022-03-16,68300,68300,64400,66700,401339,-0.010385756676557834
2022-03-17,66800,67300,65000,65900,362483,-0.01199400299850073
2022-03-18,65900,66400,65100,66300,168939,0.006069802731411222
2022-03-21,67000,67400,65200,65800,171687,-0.007541478129713397
2022-03-22,66000,70100,66000,69400,586238,0.054711246200607855
2022-03-23,69300,69300,67900,68300,220295,-0.015850144092218965
2022-03-24,68100,69800,67800,69100,245037,0.01171303074670571
2022-03-25,69300,69300,67500,68900,185424,-0.0028943560057886897
2022-03-28,69100,69400,66500,67000,276498,-0.027576197387518153
2022-03-29,67400,67500,66400,66800,204914,-0.0029850746268657025
2022-03-30,67200,70300,66700,68600,411516,0.026946107784431073
2022-03-31,68100,69200,67900,68400,230742,-0.002915451895043719
2022-04-01,68400,72400,67800,71100,660450,0.03947368421052633
2022-04-04,71600,72800,69100,70300,404290,-0.011251758087201136
2022-04-05,70300,70300,65200,65800,1222101,-0.06401137980085347
2022-04-06,64800,65800,64300,64400,491057,-0.021276595744680882
2022-04-07,63900,64300,61700,62300,519929,-0.03260869565217395
2022-04-08,62400,63700,61800,62800,381148,0.008025682182985605
2022-04-11,63000,63900,61200,61900,247985,-0.014331210191082855
2022-04-12,61400,63200,61000,62800,229623,0.01453957996768973
2022-04-13,63200,63300,61600,62900,199338,0.0015923566878981443
2022-04-14,63200,63500,61400,61400,280783,-0.02384737678855331
2022-04-15,61400,64600,60800,64000,414395,0.04234527687296419
2022-04-18,63500,63700,59900,60000,481025,-0.0625
2022-04-19,60300,60600,59300,60100,256863,0.0016666666666667052
2022-04-20,60500,60500,58300,59200,288284,-0.014975041597337757
2022-04-21,59200,60300,57900,58400,276584,-0.013513513513513487
2022-04-22,57600,58200,56000,56700,403814,-0.02910958904109584
2022-04-25,55700,57800,55100,55900,236689,-0.014109347442680775
2022-04-26,56300,58100,56300,57200,210541,0.023255813953488413
2022-04-27,55600,58400,55300,58000,249022,0.013986013986013957
2022-04-28,58500,58600,56300,56500,210989,-0.025862068965517238
2022-04-29,56900,57800,56100,57000,142226,0.008849557522123908
2022-05-02,56600,57100,55400,56500,181679,-0.00877192982456143
2022-05-03,56800,59100,56400,57500,232195,0.017699115044247815
2022-05-04,58000,58900,57500,58100,147379,0.01043478260869568
2022-05-06,57000,59000,56900,57500,223020,-0.0103270223752151
2022-05-09,57200,57600,54500,55100,306648,-0.04173913043478261
2022-05-10,54300,56000,52600,55300,329539,0.003629764065335772
2022-05-11,55500,57200,55100,55800,182174,0.009041591320072317
2022-05-12,54500,54700,52000,52000,508865,-0.06810035842293904
2022-05-13,52500,54200,52400,53900,215458,0.03653846153846163
2022-05-16,54600,56100,54500,55200,229340,0.024118738404452778
2022-05-17,55200,57100,55000,55800,190974,0.010869565217391353
2022-05-18,56400,56600,55500,55600,169338,-0.0035842293906810374
2022-05-19,53700,55500,53100,54700,222496,-0.01618705035971224
2022-05-20,54800,56200,54600,55700,167263,0.018281535648994485
2022-05-23,55700,55700,53300,54600,197360,-0.019748653500897717
2022-05-24,54000,55100,53600,53900,149864,-0.012820512820512775
2022-05-25,54100,56000,52900,55100,172951,0.02226345083487935
2022-05-26,55100,56200,54200,54400,140437,-0.012704174228675091
2022-05-27,55600,56600,55200,55500,124258,0.020220588235294157
2022-05-30,56700,57800,56100,56400,182439,0.016216216216216273
2022-05-31,56300,57300,55700,56600,139690,0.0035460992907800915
2022-06-02,56200,56300,55100,55700,96344,-0.01590106007067138
2022-06-03,56000,57000,55400,56000,126961,0.0053859964093356805
2022-06-07,56000,56500,54700,54700,111381,-0.023214285714285743
2022-06-08,55200,58000,54700,57000,306533,0.042047531992687404
2022-06-09,57000,58300,56300,57500,259523,0.00877192982456143
2022-06-10,56900,57900,56500,57100,130640,-0.006956521739130417
2022-06-13,55900,56100,53700,53800,251948,-0.05779334500875655
2022-06-14,52600,53400,51300,52700,343711,-0.020446096654275103
2022-06-15,52000,53000,48600,48800,806676,-0.07400379506641364
2022-06-16,49900,51100,48800,49250,451254,0.009221311475409832
2022-06-17,47850,48700,47200,48350,334240,-0.018274111675126936
2022-06-20,48550,49000,45900,47000,281302,-0.02792140641158225
2022-06-21,47000,47650,46450,47100,134930,0.0021276595744681437
2022-06-22,47150,47750,43000,43450,401612,-0.07749469214437366
2022-06-23,43150,44550,41750,41850,292036,-0.03682393555811281
2022-06-24,41900,45000,41900,44700,310944,0.06810035842293916
2022-06-27,45100,46600,43850,45950,220503,0.027964205816554788
2022-06-28,45800,46100,44900,45300,127732,-0.014145810663764968
2022-06-29,44300,45550,43700,45050,150449,-0.0055187637969095205
2022-06-30,44950,45650,43600,44150,114268,-0.019977802441731418
2022-07-01,44450,44850,43000,43600,127784,-0.01245753114382786
2022-07-04,44000,46200,43650,44600,197973,0.022935779816513735
2022-07-05,45550,46200,44750,46050,168542,0.032511210762331766
2022-07-06,45950,51400,45600,48950,894153,0.06297502714440828
2022-07-07,49650,50500,48600,49000,286833,0.0010214504596526286
2022-07-08,49500,50900,48800,49650,298739,0.013265306122449028
2022-07-11,50400,51900,49800,50800,356881,0.023162134944612278
2022-07-12,50200,51600,50000,50600,205190,-0.003937007874015741
2022-07-13,50700,52100,50500,51500,190675,0.01778656126482203
2022-07-14,51500,53900,51100,53500,339744,0.03883495145631066
2022-07-15,54000,54900,53200,53500,278363,0.0
2022-07-18,54400,54400,52600,53700,185915,0.0037383177570093906
2022-07-19,53200,54500,53000,54300,120611,0.011173184357541999
2022-07-20,55000,55300,53500,54100,196721,-0.0036832412523020164
2022-07-21,53700,54400,53500,54300,94291,0.003696857670979714
2022-07-22,54100,54900,54000,54100,107919,-0.0036832412523020164
2022-07-25,54000,56100,53600,56100,223921,0.0369685767097967
2022-07-26,56100,56200,54000,54200,228652,-0.033868092691622054
2022-07-27,54200,54400,53400,54000,101242,-0.0036900369003689537
2022-07-28,54700,55200,53600,54500,137235,0.0092592592592593
2022-07-29,54800,55500,54600,55100,127427,0.011009174311926495
2022-08-01,55300,56100,54700,54700,183207,-0.007259528130671544
2022-08-02,54900,55200,54400,54900,92806,0.003656307129798808
2022-08-03,54900,56200,54600,55900,171367,0.01821493624772308
2022-08-04,56200,56900,55500,55900,152013,0.0
2022-08-05,55900,56000,54600,55500,131986,-0.007155635062611854
2022-08-08,56100,56900,55300,56700,194174,0.021621621621621623
2022-08-09,57100,59700,56400,59500,526270,0.04938271604938271
